{"file_hashes":[{"block_hashes":["nZ9nvRA7kGAK8O86kQLn7h8VzJUm6bwlWpY7P0iRbsM="],"block_size":4096,"path":"background.js"},{"block_hashes":["TVeYri6HuMzZtdMpv/sgDQHPv9BYS9w7TyaUJk7vDwc=","sB4hAX9W1py38lwx0mYlGF4/iu296O+EpuVo/LQ5Iro=","GRCUqG/ojJAnMYnTkefboo+mLz1d3bitq6N0HDofU2Y=","QiyuJDh3daqZ7UYDt5OREzkr9br2kGn/wQ4eMYDiwFY=","N/7Q9a9LCWqTpp6Ru5bZZk4MJJCJ9jHv3LNkSIbKD2U=","V20MZMacecJxZ0rXHnJWQPgJIil9CO4T5HeKqt0Dfos=","Kiz1Tbo4s3PHMG2HpkC+XRG6pQB2EmGCgT5eW5p/s98=","sdwUMybyfkBqBtLU/NF4H9FBKuLSLDNT+tRgX3TGbdA=","bSuXzMdWPmvDkI8RzrybOrmGvB0Rixm6isaPfYfWJ5Y=","cnGYIVTtsdlIgfZ4HgfECgEYFdGBvB06U0XEOIThzUw=","IPrFe9L9L0Xhs5bqKDba6o9hzsx0z6QzRGrRHRc9Czo=","1sWG7rLsFencvZjeImyNTPhaRceIgKvT6IA25ZCf1gU=","Q5iTU5GUmIDxP6Q+g6Q8kU2MJXgBqAtq1XstqT5Drzw=","bIVyxA3uVEueHSK0EKcC7oqkb5fJhyRHmwHpTj+HxV8=","KG7ZQ4PVtAAPsLGuDHNZikLn9bhsVn5vCzFp8EEOb9s=","VuNCWSmy6V+82vVt0RTtSkGr2Vnnppne/eqBhLk2RmE=","Ai8roSUM64V4doA0OmBuLQdqtJBOBYKpLCLqvAJpYpQ=","P3llQxmn4F1iBpGap8v1iDlH3MDsS/gZVtdGOICynUs=","2CdQJfulH2yCFRlwh3EGwA8gC25YN5BQdGZccTkA3u0=","qu4gDtSq/jyd9AiMgq+69WsicHyi9WTUTGuif6iGA40=","wRlTlKStQO8McmbTJ2N+BlyT0LJC+WlFxuCisIB2sIw=","vwwhtvSMDeuCOeDd0eM7WedguAwGeGIXKphlGkQeSxM=","+cGC1X7asyb3HSdBC9DgNmoCOoUOgcKxR/VFnSshSaw=","TsycPQLqVs1Qw1uql0Zd9jdMqRfphiMmVJFvyioWtZE=","Hwh+uSP567aXPIIlvpSzj9GkjulvE8GS2cqdGThW2Oc="],"block_size":4096,"path":"css/bootstrap.min.css"},{"block_hashes":["+k0zpse78NAAbRy3iB3i6WgPjCc47PIddbV9R13M7Ug="],"block_size":4096,"path":"css/options.css"},{"block_hashes":["iMz6H+Gr+iYjUApaL7vw4qv/lPm1mihZx2zwcD2wC+0="],"block_size":4096,"path":"css/options.less"},{"block_hashes":["YRLEe+VCyahjiFpnvDvvIg0WPit67cH31SNQCNaS8rw="],"block_size":4096,"path":"css/popup.css"},{"block_hashes":["LRxEasmqmDOloekuF5v3Islv7HOVgpDE9Zf+/Sfr2lg="],"block_size":4096,"path":"css/popup.less"},{"block_hashes":["EwkaSdzcLrDfc1v811rSOr8mO5DVZNhbR5T2Tjty39E=","8hYxkXp4GmjFrPU+WlDEJ4vFuuoC8v+47e+xZPcpdoc=","h3jYeTJlpARj6pFE7Ob3xQbC3hqj2nVN7GD/dTpUZ9Y=","wfucESyuyvQ1/Wc6fJUOzyjWD3gIQyIG8zYvIerX2aM=","dEmtJW+WR8i4GkPU1u2UUYgrN06WEUiy5+G5uBMrbHU=","ZW6ughYe/jROqXFnKzb4dVW14yykhCeSsx9rZlE05d0=","MyYOnT/trCdmK23dU9E3tfNSf+hQpZix4g1SDpTE33Q=","mKIh0orna775XgUeFYfzv7FN5tZiV4I1GEuwJ552LP0=","sahXsfu4Y8mLBFuVukBSjTkPFzicqvAVEBqD6IlzmlA=","fFRCE02gr2KwP1+0cGX5aoi9D6LR564i98KkWl2V8yg=","KLtVDWPFKADyFKN2YOKqbevgYE7+L4LbKOo/uulZ4BQ=","iOH3GFmvO3Lmfmv33e/TdHgRA1G1h8NyRY8VXxCJ6JQ=","HZmfMAxP7rTuvCKyY1NwJERVJrgISdsisrnkCz9/0hU=","fBk1mcPd+ST6AOp9G2NpaAtFYfObVFvBjuLuklSVYQA=","u5q1jUcDLzUdtfdOQMEcgKfLco3zKD0MCy0moPQfBfA=","AummIovnS/zJqQfIzOi1tkugrSkyHilI5f5vXSSTxYU=","PKd+EEfKy4iW0MvkPk/sS6Z5Bd1A3AZXjlBQm34jizY=","zsE297l4Fwox7YFaiUAEcC0L6+y4inHPrqMiZF61Rlw=","bpDcAbkmXnEuTvdExTR0ZwjSDp23EXEo6/gjk23iJ8o=","QPESmLGacsc0R3PE9hhtniT5BELkwCEX4VGBw3IU9wc=","vv4abdYQpEa78t+Zb8MUsShtg1bRTkNn/JL6IUe557M=","WcMiMQbgrt3GXIO6hYTi7r/q6AQkXm2/21XIN9ffBPw=","UlLpe+k/QP5jgRjVrTn9wy2AwN8m7RmIh63O6iBsqKU=","oTXNo5uWRBS6dPug1gSBfsf17IWMHlEhoK4pX8mjo04=","VO71gH8FNL3JMS6XKO3OS1tOVLK0z/LnkOYKoWxrRNM="],"block_size":4096,"path":"js/angular.min.js"},{"block_hashes":["IBjcpsUE1k9ce87kbWMUETevzrKoA/GPJ+8AKn1G/Ec=","HW+Gz4B4LUoZjyyb2PWpUz7BVpIdTdEhdzzm8lXnYbo="],"block_size":4096,"path":"js/options.js"},{"block_hashes":["lr6UteS9gCK0V47aPCx6FqR27+4NG0EGVYUXK02qzbs="],"block_size":4096,"path":"js/popup.js"},{"block_hashes":["pG2xkgwKZanN0lXGg043UMDv8Z0QisTrIBEBZG56lNE="],"block_size":4096,"path":"options.html"},{"block_hashes":["ZKm/zA/c6qGJfsnMR8Ds1zvC40O1MMEfG9CWUuh2M4U="],"block_size":4096,"path":"popup.html"},{"block_hashes":["5Zh/x0NgJ48AnWxwZTeSu2yEcZFDN0sGDYapa7QA/Ns="],"block_size":4096,"path":"README.md"},{"block_hashes":["ur6fYSm0uWtI2dyBmR0gcoTZnCX7/skgoZlaAebEq6k="],"block_size":4096,"path":"ReResSetting.json"}],"version":2}